<?xml version="1.0" encoding="UTF-8"?>
<rss version="2.0" xmlns:ror="http://rorweb.com/0.1/" >
<channel>
  <title>ROR Sitemap for https://www.bestcargopackersandmovers.com/</title>
  <link>https://www.bestcargopackersandmovers.com/</link>

<item>
     <link>https://www.bestcargopackersandmovers.com/</link>
     <title>Best Cargo Packers and Movers in Ahmedabad | Call :+91 93509 59213</title>
     <description>Packers and Movers in Ahmedabad, Best Cargo Packers Movers in Ahmedabad offers the dynamic range of Packers Movers in Ahmedabad, </description>
     <ror:updatePeriod></ror:updatePeriod>
     <ror:sortOrder>0</ror:sortOrder>
     <ror:resourceOf>sitemap</ror:resourceOf>
</item>
<item>
     <link>https://www.bestcargopackersandmovers.com/contact.php</link>
     <title>Best Cargo Packers and Movers in Ahmedabad | Call :+91 93509 59213</title>
     <description>Packers and Movers in Ahmedabad, Best Cargo Packers Movers in Ahmedabad offers the dynamic range of Packers Movers in Ahmedabad, </description>
     <ror:updatePeriod></ror:updatePeriod>
     <ror:sortOrder>1</ror:sortOrder>
     <ror:resourceOf>sitemap</ror:resourceOf>
</item>
<item>
     <link>https://www.bestcargopackersandmovers.com/index.php</link>
     <title>Best Cargo Packers and Movers in Ahmedabad | Call :+91 93509 59213</title>
     <description>Packers and Movers in Ahmedabad, Best Cargo Packers Movers in Ahmedabad offers the dynamic range of Packers Movers in Ahmedabad, </description>
     <ror:updatePeriod></ror:updatePeriod>
     <ror:sortOrder>1</ror:sortOrder>
     <ror:resourceOf>sitemap</ror:resourceOf>
</item>
<item>
     <link>https://www.bestcargopackersandmovers.com/about-us.php</link>
     <title>Best Cargo Packers and Movers in Ahmedabad | Call :+91 93509 59213</title>
     <description>Packers and Movers in Ahmedabad, Best Cargo Packers Movers in Ahmedabad offers the dynamic range of Packers Movers in Ahmedabad, </description>
     <ror:updatePeriod></ror:updatePeriod>
     <ror:sortOrder>1</ror:sortOrder>
     <ror:resourceOf>sitemap</ror:resourceOf>
</item>
<item>
     <link>https://www.bestcargopackersandmovers.com/house-shifting.php</link>
     <title>Best Cargo Packers and Movers in Ahmedabad | Call :+91 93509 59213</title>
     <description>Packers and Movers in Ahmedabad, Best Cargo Packers Movers in Ahmedabad offers the dynamic range of Packers Movers in Ahmedabad, </description>
     <ror:updatePeriod></ror:updatePeriod>
     <ror:sortOrder>1</ror:sortOrder>
     <ror:resourceOf>sitemap</ror:resourceOf>
</item>
<item>
     <link>https://www.bestcargopackersandmovers.com/office-shifting.php</link>
     <title>Best Cargo Packers and Movers in Ahmedabad | Call :+91 93509 59213</title>
     <description>Packers and Movers in Ahmedabad, Best Cargo Packers Movers in Ahmedabad offers the dynamic range of Packers Movers in Ahmedabad, </description>
     <ror:updatePeriod></ror:updatePeriod>
     <ror:sortOrder>1</ror:sortOrder>
     <ror:resourceOf>sitemap</ror:resourceOf>
</item>
<item>
     <link>https://www.bestcargopackersandmovers.com/car-and-bike-transportation.php</link>
     <title>Best Cargo Packers and Movers in Ahmedabad | Call :+91 93509 59213</title>
     <description>Packers and Movers in Ahmedabad, Best Cargo Packers Movers in Ahmedabad offers the dynamic range of Packers Movers in Ahmedabad, </description>
     <ror:updatePeriod></ror:updatePeriod>
     <ror:sortOrder>1</ror:sortOrder>
     <ror:resourceOf>sitemap</ror:resourceOf>
</item>
<item>
     <link>https://www.bestcargopackersandmovers.com/warehouse-shifting.php</link>
     <title>Best Cargo Packers and Movers in Ahmedabad | Call :+91 93509 59213</title>
     <description>Packers and Movers in Ahmedabad, Best Cargo Packers Movers in Ahmedabad offers the dynamic range of Packers Movers in Ahmedabad, </description>
     <ror:updatePeriod></ror:updatePeriod>
     <ror:sortOrder>1</ror:sortOrder>
     <ror:resourceOf>sitemap</ror:resourceOf>
</item>
<item>
     <link>https://www.bestcargopackersandmovers.com/local-shifting.php</link>
     <title>Best Cargo Packers and Movers in Ahmedabad | Call :+91 93509 59213</title>
     <description>Packers and Movers in Ahmedabad, Best Cargo Packers Movers in Ahmedabad offers the dynamic range of Packers Movers in Ahmedabad, </description>
     <ror:updatePeriod></ror:updatePeriod>
     <ror:sortOrder>1</ror:sortOrder>
     <ror:resourceOf>sitemap</ror:resourceOf>
</item>
<item>
     <link>https://www.bestcargopackersandmovers.com/gallery.php</link>
     <title>Best Cargo Packers and Movers in Ahmedabad | Call :+91 93509 59213</title>
     <description>Packers and Movers in Ahmedabad, Best Cargo Packers Movers in Ahmedabad offers the dynamic range of Packers Movers in Ahmedabad, </description>
     <ror:updatePeriod></ror:updatePeriod>
     <ror:sortOrder>1</ror:sortOrder>
     <ror:resourceOf>sitemap</ror:resourceOf>
</item>
<item>
     <link>https://www.bestcargopackersandmovers.com/packers-and-movers-in-gota.php</link>
     <title>Best Cargo Packers and Movers in Ahmedabad | Call :+91 93509 59213</title>
     <description>Packers and Movers in Ahmedabad, Best Cargo Packers Movers in Ahmedabad offers the dynamic range of Packers Movers in Ahmedabad, </description>
     <ror:updatePeriod></ror:updatePeriod>
     <ror:sortOrder>1</ror:sortOrder>
     <ror:resourceOf>sitemap</ror:resourceOf>
</item>
<item>
     <link>https://www.bestcargopackersandmovers.com/packers-and-movers-in-bhopal.php</link>
     <title>Best Cargo Packers and Movers in Ahmedabad | Call :+91 93509 59213</title>
     <description>Packers and Movers in Ahmedabad, Best Cargo Packers Movers in Ahmedabad offers the dynamic range of Packers Movers in Ahmedabad, </description>
     <ror:updatePeriod></ror:updatePeriod>
     <ror:sortOrder>1</ror:sortOrder>
     <ror:resourceOf>sitemap</ror:resourceOf>
</item>
<item>
     <link>https://www.bestcargopackersandmovers.com/packers-and-movers-in-chandkheda.php</link>
     <title>Best Cargo Packers and Movers in Ahmedabad | Call :+91 93509 59213</title>
     <description>Packers and Movers in Ahmedabad, Best Cargo Packers Movers in Ahmedabad offers the dynamic range of Packers Movers in Ahmedabad, </description>
     <ror:updatePeriod></ror:updatePeriod>
     <ror:sortOrder>1</ror:sortOrder>
     <ror:resourceOf>sitemap</ror:resourceOf>
</item>
<item>
     <link>https://www.bestcargopackersandmovers.com/packers-and-movers-in-science-city.php</link>
     <title>Best Cargo Packers and Movers in Ahmedabad | Call :+91 93509 59213</title>
     <description>Packers and Movers in Ahmedabad, Best Cargo Packers Movers in Ahmedabad offers the dynamic range of Packers Movers in Ahmedabad, </description>
     <ror:updatePeriod></ror:updatePeriod>
     <ror:sortOrder>1</ror:sortOrder>
     <ror:resourceOf>sitemap</ror:resourceOf>
</item>
<item>
     <link>https://www.bestcargopackersandmovers.com/packers-and-movers-in-godrej-garden-city.php</link>
     <title>Best Cargo Packers and Movers in Ahmedabad | Call :+91 93509 59213</title>
     <description>Packers and Movers in Ahmedabad, Best Cargo Packers Movers in Ahmedabad offers the dynamic range of Packers Movers in Ahmedabad, </description>
     <ror:updatePeriod></ror:updatePeriod>
     <ror:sortOrder>1</ror:sortOrder>
     <ror:resourceOf>sitemap</ror:resourceOf>
</item>
<item>
     <link>https://www.bestcargopackersandmovers.com/packers-and-movers-in-shela.php</link>
     <title>Best Cargo Packers and Movers in Ahmedabad | Call :+91 93509 59213</title>
     <description>Packers and Movers in Ahmedabad, Best Cargo Packers Movers in Ahmedabad offers the dynamic range of Packers Movers in Ahmedabad, </description>
     <ror:updatePeriod></ror:updatePeriod>
     <ror:sortOrder>1</ror:sortOrder>
     <ror:resourceOf>sitemap</ror:resourceOf>
</item>
<item>
     <link>https://www.bestcargopackersandmovers.com/packers-and-movers-in-air-force-station.php</link>
     <title>Best Cargo Packers and Movers in Ahmedabad | Call :+91 93509 59213</title>
     <description>Packers and Movers in Ahmedabad, Best Cargo Packers Movers in Ahmedabad offers the dynamic range of Packers Movers in Ahmedabad, </description>
     <ror:updatePeriod></ror:updatePeriod>
     <ror:sortOrder>1</ror:sortOrder>
     <ror:resourceOf>sitemap</ror:resourceOf>
</item>
<item>
     <link>https://www.bestcargopackersandmovers.com/packers-and-movers-in-ahmedabad.php</link>
     <title>Best Cargo Packers and Movers in Ahmedabad | Call :+91 93509 59213</title>
     <description>Packers and Movers in Ahmedabad, Best Cargo Packers Movers in Ahmedabad offers the dynamic range of Packers Movers in Ahmedabad, </description>
     <ror:updatePeriod></ror:updatePeriod>
     <ror:sortOrder>1</ror:sortOrder>
     <ror:resourceOf>sitemap</ror:resourceOf>
</item>
<item>
     <link>https://www.bestcargopackersandmovers.com/packers-and-movers-in-anand.php</link>
     <title>Best Cargo Packers and Movers in Ahmedabad | Call :+91 93509 59213</title>
     <description>Packers and Movers in Ahmedabad, Best Cargo Packers Movers in Ahmedabad offers the dynamic range of Packers Movers in Ahmedabad, </description>
     <ror:updatePeriod></ror:updatePeriod>
     <ror:sortOrder>1</ror:sortOrder>
     <ror:resourceOf>sitemap</ror:resourceOf>
</item>
<item>
     <link>https://www.bestcargopackersandmovers.com/packers-and-movers-in-gandhi-nagar.php</link>
     <title>Best Cargo Packers and Movers in Ahmedabad | Call :+91 93509 59213</title>
     <description>Packers and Movers in Ahmedabad, Best Cargo Packers Movers in Ahmedabad offers the dynamic range of Packers Movers in Ahmedabad, </description>
     <ror:updatePeriod></ror:updatePeriod>
     <ror:sortOrder>1</ror:sortOrder>
     <ror:resourceOf>sitemap</ror:resourceOf>
</item>
<item>
     <link>https://www.bestcargopackersandmovers.com/packers-and-movers-in-maninagar.php</link>
     <title>Best Cargo Packers and Movers in Ahmedabad | Call :+91 93509 59213</title>
     <description>Packers and Movers in Ahmedabad, Best Cargo Packers Movers in Ahmedabad offers the dynamic range of Packers Movers in Ahmedabad, </description>
     <ror:updatePeriod></ror:updatePeriod>
     <ror:sortOrder>1</ror:sortOrder>
     <ror:resourceOf>sitemap</ror:resourceOf>
</item>
<item>
     <link>https://www.bestcargopackersandmovers.com/packers-and-movers-in-sanand.php</link>
     <title>Best Cargo Packers and Movers in Ahmedabad | Call :+91 93509 59213</title>
     <description>Packers and Movers in Ahmedabad, Best Cargo Packers Movers in Ahmedabad offers the dynamic range of Packers Movers in Ahmedabad, </description>
     <ror:updatePeriod></ror:updatePeriod>
     <ror:sortOrder>1</ror:sortOrder>
     <ror:resourceOf>sitemap</ror:resourceOf>
</item>
<item>
     <link>https://www.bestcargopackersandmovers.com/packers-and-movers-in-meerut.php</link>
     <title>Best Cargo Packers and Movers in Ahmedabad | Call :+91 93509 59213</title>
     <description>Packers and Movers in Ahmedabad, Best Cargo Packers Movers in Ahmedabad offers the dynamic range of Packers Movers in Ahmedabad, </description>
     <ror:updatePeriod></ror:updatePeriod>
     <ror:sortOrder>1</ror:sortOrder>
     <ror:resourceOf>sitemap</ror:resourceOf>
</item>
<item>
     <link>https://www.bestcargopackersandmovers.com/packers-and-movers-in-muzaffarnagar.php</link>
     <title>Best Cargo Packers and Movers in Ahmedabad | Call :+91 93509 59213</title>
     <description>Packers and Movers in Ahmedabad, Best Cargo Packers Movers in Ahmedabad offers the dynamic range of Packers Movers in Ahmedabad, </description>
     <ror:updatePeriod></ror:updatePeriod>
     <ror:sortOrder>1</ror:sortOrder>
     <ror:resourceOf>sitemap</ror:resourceOf>
</item>
<item>
     <link>https://www.bestcargopackersandmovers.com/packers-and-movers-in-indore.php</link>
     <title>Best Cargo Packers and Movers in Ahmedabad | Call :+91 93509 59213</title>
     <description>Packers and Movers in Ahmedabad, Best Cargo Packers Movers in Ahmedabad offers the dynamic range of Packers Movers in Ahmedabad, </description>
     <ror:updatePeriod></ror:updatePeriod>
     <ror:sortOrder>1</ror:sortOrder>
     <ror:resourceOf>sitemap</ror:resourceOf>
</item>
<item>
     <link>https://www.bestcargopackersandmovers.com/packers-and-movers-in-jaipur.php</link>
     <title>Best Cargo Packers and Movers in Ahmedabad | Call :+91 93509 59213</title>
     <description>Packers and Movers in Ahmedabad, Best Cargo Packers Movers in Ahmedabad offers the dynamic range of Packers Movers in Ahmedabad, </description>
     <ror:updatePeriod></ror:updatePeriod>
     <ror:sortOrder>1</ror:sortOrder>
     <ror:resourceOf>sitemap</ror:resourceOf>
</item>
<item>
     <link>https://www.bestcargopackersandmovers.com/packers-and-movers-in-jalandhar.php</link>
     <title>Best Cargo Packers and Movers in Ahmedabad | Call :+91 93509 59213</title>
     <description>Packers and Movers in Ahmedabad, Best Cargo Packers Movers in Ahmedabad offers the dynamic range of Packers Movers in Ahmedabad, </description>
     <ror:updatePeriod></ror:updatePeriod>
     <ror:sortOrder>1</ror:sortOrder>
     <ror:resourceOf>sitemap</ror:resourceOf>
</item>
<item>
     <link>https://www.bestcargopackersandmovers.com/packers-and-movers-in-kanpur.php</link>
     <title>Best Cargo Packers and Movers in Ahmedabad | Call :+91 93509 59213</title>
     <description>Packers and Movers in Ahmedabad, Best Cargo Packers Movers in Ahmedabad offers the dynamic range of Packers Movers in Ahmedabad, </description>
     <ror:updatePeriod></ror:updatePeriod>
     <ror:sortOrder>1</ror:sortOrder>
     <ror:resourceOf>sitemap</ror:resourceOf>
</item>
<item>
     <link>https://www.bestcargopackersandmovers.com/packers-and-movers-in-kolkata.php</link>
     <title>Best Cargo Packers and Movers in Ahmedabad | Call :+91 93509 59213</title>
     <description>Packers and Movers in Ahmedabad, Best Cargo Packers Movers in Ahmedabad offers the dynamic range of Packers Movers in Ahmedabad, </description>
     <ror:updatePeriod></ror:updatePeriod>
     <ror:sortOrder>1</ror:sortOrder>
     <ror:resourceOf>sitemap</ror:resourceOf>
</item>
<item>
     <link>https://www.bestcargopackersandmovers.com/packers-and-movers-in-lucknow.php</link>
     <title>Best Cargo Packers and Movers in Ahmedabad | Call :+91 93509 59213</title>
     <description>Packers and Movers in Ahmedabad, Best Cargo Packers Movers in Ahmedabad offers the dynamic range of Packers Movers in Ahmedabad, </description>
     <ror:updatePeriod></ror:updatePeriod>
     <ror:sortOrder>1</ror:sortOrder>
     <ror:resourceOf>sitemap</ror:resourceOf>
</item>
<item>
     <link>https://www.bestcargopackersandmovers.com/packers-and-movers-in-dehradoon.php</link>
     <title>Best Cargo Packers and Movers in Ahmedabad | Call :+91 93509 59213</title>
     <description>Packers and Movers in Ahmedabad, Best Cargo Packers Movers in Ahmedabad offers the dynamic range of Packers Movers in Ahmedabad, </description>
     <ror:updatePeriod></ror:updatePeriod>
     <ror:sortOrder>1</ror:sortOrder>
     <ror:resourceOf>sitemap</ror:resourceOf>
</item>
<item>
     <link>https://www.bestcargopackersandmovers.com/packers-and-movers-in-goa.php</link>
     <title>Best Cargo Packers and Movers in Ahmedabad | Call :+91 93509 59213</title>
     <description>Packers and Movers in Ahmedabad, Best Cargo Packers Movers in Ahmedabad offers the dynamic range of Packers Movers in Ahmedabad, </description>
     <ror:updatePeriod></ror:updatePeriod>
     <ror:sortOrder>1</ror:sortOrder>
     <ror:resourceOf>sitemap</ror:resourceOf>
</item>
<item>
     <link>https://www.bestcargopackersandmovers.com/packers-and-movers-in-gorakhpur.php</link>
     <title>Best Cargo Packers and Movers in Ahmedabad | Call :+91 93509 59213</title>
     <description>Packers and Movers in Ahmedabad, Best Cargo Packers Movers in Ahmedabad offers the dynamic range of Packers Movers in Ahmedabad, </description>
     <ror:updatePeriod></ror:updatePeriod>
     <ror:sortOrder>1</ror:sortOrder>
     <ror:resourceOf>sitemap</ror:resourceOf>
</item>
<item>
     <link>https://www.bestcargopackersandmovers.com/packers-and-movers-in-guwahati.php</link>
     <title>Best Cargo Packers and Movers in Ahmedabad | Call :+91 93509 59213</title>
     <description>Packers and Movers in Ahmedabad, Best Cargo Packers Movers in Ahmedabad offers the dynamic range of Packers Movers in Ahmedabad, </description>
     <ror:updatePeriod></ror:updatePeriod>
     <ror:sortOrder>1</ror:sortOrder>
     <ror:resourceOf>sitemap</ror:resourceOf>
</item>
<item>
     <link>https://www.bestcargopackersandmovers.com/packers-and-movers-in-bangalore.php</link>
     <title>Best Cargo Packers and Movers in Ahmedabad | Call :+91 93509 59213</title>
     <description>Packers and Movers in Ahmedabad, Best Cargo Packers Movers in Ahmedabad offers the dynamic range of Packers Movers in Ahmedabad, </description>
     <ror:updatePeriod></ror:updatePeriod>
     <ror:sortOrder>1</ror:sortOrder>
     <ror:resourceOf>sitemap</ror:resourceOf>
</item>
<item>
     <link>https://www.bestcargopackersandmovers.com/packers-and-movers-in-gurgaon.php</link>
     <title>Best Cargo Packers and Movers in Ahmedabad | Call :+91 93509 59213</title>
     <description>Packers and Movers in Ahmedabad, Best Cargo Packers Movers in Ahmedabad offers the dynamic range of Packers Movers in Ahmedabad, </description>
     <ror:updatePeriod></ror:updatePeriod>
     <ror:sortOrder>1</ror:sortOrder>
     <ror:resourceOf>sitemap</ror:resourceOf>
</item>
<item>
     <link>https://www.bestcargopackersandmovers.com/packers-and-movers-in-mumbai.php</link>
     <title>Best Cargo Packers and Movers in Ahmedabad | Call :+91 93509 59213</title>
     <description>Packers and Movers in Ahmedabad, Best Cargo Packers Movers in Ahmedabad offers the dynamic range of Packers Movers in Ahmedabad, </description>
     <ror:updatePeriod></ror:updatePeriod>
     <ror:sortOrder>1</ror:sortOrder>
     <ror:resourceOf>sitemap</ror:resourceOf>
</item>
<item>
     <link>https://www.bestcargopackersandmovers.com/packers-and-movers-in-hisar.php</link>
     <title>Best Cargo Packers and Movers in Ahmedabad | Call :+91 93509 59213</title>
     <description>Packers and Movers in Ahmedabad, Best Cargo Packers Movers in Ahmedabad offers the dynamic range of Packers Movers in Ahmedabad, </description>
     <ror:updatePeriod></ror:updatePeriod>
     <ror:sortOrder>1</ror:sortOrder>
     <ror:resourceOf>sitemap</ror:resourceOf>
</item>
<item>
     <link>https://www.bestcargopackersandmovers.com/packers-and-movers-in-hyderabad.php</link>
     <title>Best Cargo Packers and Movers in Ahmedabad | Call :+91 93509 59213</title>
     <description>Packers and Movers in Ahmedabad, Best Cargo Packers Movers in Ahmedabad offers the dynamic range of Packers Movers in Ahmedabad, </description>
     <ror:updatePeriod></ror:updatePeriod>
     <ror:sortOrder>1</ror:sortOrder>
     <ror:resourceOf>sitemap</ror:resourceOf>
</item>
<item>
     <link>https://www.bestcargopackersandmovers.com/packers-and-movers-in-bareilly.php</link>
     <title>Best Cargo Packers and Movers in Ahmedabad | Call :+91 93509 59213</title>
     <description>Packers and Movers in Ahmedabad, Best Cargo Packers Movers in Ahmedabad offers the dynamic range of Packers Movers in Ahmedabad, </description>
     <ror:updatePeriod></ror:updatePeriod>
     <ror:sortOrder>1</ror:sortOrder>
     <ror:resourceOf>sitemap</ror:resourceOf>
</item>
<item>
     <link>https://www.bestcargopackersandmovers.com/packers-and-movers-in-chandigarh.php</link>
     <title>Best Cargo Packers and Movers in Ahmedabad | Call :+91 93509 59213</title>
     <description>Packers and Movers in Ahmedabad, Best Cargo Packers Movers in Ahmedabad offers the dynamic range of Packers Movers in Ahmedabad, </description>
     <ror:updatePeriod></ror:updatePeriod>
     <ror:sortOrder>1</ror:sortOrder>
     <ror:resourceOf>sitemap</ror:resourceOf>
</item>
<item>
     <link>https://www.bestcargopackersandmovers.com/packers-and-movers-in-chennai.php</link>
     <title>Best Cargo Packers and Movers in Ahmedabad | Call :+91 93509 59213</title>
     <description>Packers and Movers in Ahmedabad, Best Cargo Packers Movers in Ahmedabad offers the dynamic range of Packers Movers in Ahmedabad, </description>
     <ror:updatePeriod></ror:updatePeriod>
     <ror:sortOrder>1</ror:sortOrder>
     <ror:resourceOf>sitemap</ror:resourceOf>
</item>
<item>
     <link>https://www.bestcargopackersandmovers.com/packers-and-movers-in-delhi.php</link>
     <title>Best Cargo Packers and Movers in Ahmedabad | Call :+91 93509 59213</title>
     <description>Packers and Movers in Ahmedabad, Best Cargo Packers Movers in Ahmedabad offers the dynamic range of Packers Movers in Ahmedabad, </description>
     <ror:updatePeriod></ror:updatePeriod>
     <ror:sortOrder>1</ror:sortOrder>
     <ror:resourceOf>sitemap</ror:resourceOf>
</item>
<item>
     <link>https://www.bestcargopackersandmovers.com/packers-and-movers-in-surat.php</link>
     <title>Best Cargo Packers and Movers in Ahmedabad | Call :+91 93509 59213</title>
     <description>Packers and Movers in Ahmedabad, Best Cargo Packers Movers in Ahmedabad offers the dynamic range of Packers Movers in Ahmedabad, </description>
     <ror:updatePeriod></ror:updatePeriod>
     <ror:sortOrder>1</ror:sortOrder>
     <ror:resourceOf>sitemap</ror:resourceOf>
</item>
<item>
     <link>https://www.bestcargopackersandmovers.com/packers-and-movers-in-agra.php</link>
     <title>Best Cargo Packers and Movers in Ahmedabad | Call :+91 93509 59213</title>
     <description>Packers and Movers in Ahmedabad, Best Cargo Packers Movers in Ahmedabad offers the dynamic range of Packers Movers in Ahmedabad, </description>
     <ror:updatePeriod></ror:updatePeriod>
     <ror:sortOrder>1</ror:sortOrder>
     <ror:resourceOf>sitemap</ror:resourceOf>
</item>
<item>
     <link>https://www.bestcargopackersandmovers.com/packers-and-movers-in-nagpur.php</link>
     <title>Best Cargo Packers and Movers in Ahmedabad | Call :+91 93509 59213</title>
     <description>Packers and Movers in Ahmedabad, Best Cargo Packers Movers in Ahmedabad offers the dynamic range of Packers Movers in Ahmedabad, </description>
     <ror:updatePeriod></ror:updatePeriod>
     <ror:sortOrder>1</ror:sortOrder>
     <ror:resourceOf>sitemap</ror:resourceOf>
</item>
<item>
     <link>https://www.bestcargopackersandmovers.com/packers-and-movers-in-pune.php</link>
     <title>Best Cargo Packers and Movers in Ahmedabad | Call :+91 93509 59213</title>
     <description>Packers and Movers in Ahmedabad, Best Cargo Packers Movers in Ahmedabad offers the dynamic range of Packers Movers in Ahmedabad, </description>
     <ror:updatePeriod></ror:updatePeriod>
     <ror:sortOrder>1</ror:sortOrder>
     <ror:resourceOf>sitemap</ror:resourceOf>
</item>
<item>
     <link>https://www.bestcargopackersandmovers.com/packers-and-movers-in-raipur.php</link>
     <title>Best Cargo Packers and Movers in Ahmedabad | Call :+91 93509 59213</title>
     <description>Packers and Movers in Ahmedabad, Best Cargo Packers Movers in Ahmedabad offers the dynamic range of Packers Movers in Ahmedabad, </description>
     <ror:updatePeriod></ror:updatePeriod>
     <ror:sortOrder>1</ror:sortOrder>
     <ror:resourceOf>sitemap</ror:resourceOf>
</item>
</channel>
</rss>
  